id,pred
0,0.0438724709
1,0.7653627530
2,0.8980713471
3,0.9164186742
4,0.0084084382
5,0.9697106736
6,0.6342243175
7,0.0000000000
8,0.5218251576
9,0.7359416565
10,0.0203461698
11,0.3566217691
12,0.0099810080
13,0.6877264387
14,0.5832943619
15,0.0523420771
16,0.2704596907
17,0.0021925813
18,0.0793728386
19,0.9386485693
20,0.0000000000
21,0.0393231769
22,0.5087729541
23,0.7810750002
24,0.0006949972
25,0.3897058736
26,0.9851274793
27,0.9070966318
28,0.0206538582
29,0.9332808605
30,0.8791867296
31,0.0053296799
32,0.0367441510
33,0.0464028180
34,0.0091533325
35,0.0000000000
36,0.2319521284
37,0.9198677063
38,0.0000000000
39,0.0208398263
40,0.0766225133
41,0.0967922663
42,0.0090340359
43,0.0112166443
44,0.9236751696
45,0.0217240247
46,0.7888496792
47,0.9103989503
48,0.8266103677
49,0.8767691506
50,0.3253723671
51,0.8412209862
52,0.0454195664
53,0.0099951063
54,0.9486191665
55,0.0153152808
56,0.0000000000
57,0.0053529885
58,0.6831657160
59,0.0000000000
60,0.0065589596
61,0.0097053962
62,0.9111116495
63,0.9666455700
64,0.1134218503
65,0.0353166428
66,0.0138225780
67,0.0050872719
68,0.7735828687
69,0.8895732291
70,0.3180085806
71,0.0378967916
72,0.5363453650
73,0.6654212291
74,0.0549941491
75,0.0051235952
76,0.0131570590
77,0.0000000000
78,0.7285889699
79,0.0180710741
80,0.0000000000
81,0.6495970963
82,0.0273550523
83,0.0347230970
84,0.6768124601
85,0.7209902969
86,0.4519625255
87,0.0064240422
88,0.7656743948
89,0.9188770103
90,0.0006460507
91,0.0554719924
92,0.0607408600
93,0.0478180968
94,0.5969087002
95,0.0128200880
96,0.0022748352
97,0.9606346025
98,0.0009821920
99,0.0420924794
100,0.9349323078
101,0.0256171825
102,0.9584431413
103,0.0050489615
104,0.8218163284
105,0.9558356466
106,0.0300360881
107,0.4709098489
108,0.9775188189
109,0.5128299500
110,0.1519943351
111,0.0585693209
112,0.9758325519
113,0.4565317734
114,0.0102833389
115,0.0017320511
116,0.0000000000
117,0.1250807159
118,0.2218952307
119,0.1852272191
120,0.0282063503
121,0.6964783913
122,0.8785387076
123,0.0008558426
124,0.0000000000
125,0.0013766371
126,0.1266357048
127,0.9926830766
128,0.8871887239
129,0.7981555224
130,0.9040040434
131,0.6100648497
132,0.0034535976
133,0.0000000000
134,0.1064462268
135,0.8772773738
136,0.0050265406
137,0.0270840712
138,0.0489134686
139,0.0000000000
140,0.0020107726
141,0.0069978025
142,0.0025389451
143,0.4450821197
144,0.9357600596
145,0.0122252061
146,0.0407799966
147,0.0809901797
148,0.0055106600
149,0.0000000000
150,0.0045283315
151,0.0269148495
152,0.9180063118
153,0.8619894659
154,0.0033754152
155,0.0019380945
156,0.0080906514
157,0.0026289932
158,0.8230942925
159,0.7618305222
160,0.4593053953
161,0.2057533230
162,0.2197650537
163,0.0000000000
164,0.8770183038
165,0.7292557707
166,0.8125121409
167,0.5596956442
168,0.0023314151
169,0.9108508165
170,0.0404631094
171,0.0079822410
172,0.0544307249
173,0.0300198420
174,0.1441054645
175,0.3410416133
176,0.9449666549
177,0.1127272121
178,0.0689646052
179,0.4993179706
180,0.0946777798
181,0.6895637532
182,0.0000000000
183,0.8944497550
184,0.8626397628
185,0.9941782167
186,0.0074019615
187,0.1432384134
188,0.0349309144
189,0.0000000000
190,0.0169136562
191,0.0084809270
192,0.9633789991
193,0.7505065479
194,0.4585083949
195,0.6910366859
196,0.0109621145
197,0.0009511306
198,0.7948773721
199,0.0401127779
200,0.0044110475
201,0.0073875235
202,0.8925046327
203,0.7395111013
204,0.0071883248
205,0.0541467348
206,0.3154109323
207,0.8094019513
208,0.0067661539
209,0.0000000000
210,0.9851274793
211,0.9511396023
212,0.2788017793
213,0.8332281682
214,0.0051634443
215,0.0271897535
216,0.0000000000
217,0.1953712280
218,0.0014039148
219,0.9287017276
220,0.0050778903
221,0.2428547374
222,0.8824056515
223,0.0211422251
224,0.0690630391
225,0.0048951871
226,0.0048360184
227,0.0228507015
228,0.0112704086
229,0.9087920218
230,0.0021084975
231,0.2544488538
232,0.0083178129
233,0.0175386622
234,0.9369481052
235,0.6559676517
236,0.0350689350
237,0.0853012930
238,0.0419438286
239,0.0072277325
240,0.0071932722
241,0.1181473129
242,0.0069212415
243,0.0017118158
244,0.0283776599
245,0.8048979845
246,0.9254076240
247,0.0000000000
248,0.8219580721
249,0.0028276870
250,0.8481023643
251,0.1140009160
252,0.0901734481
253,0.8668809641
254,0.0000000000
255,0.9332116913
256,0.0188019529
257,0.8046263514
258,0.4413857751
259,0.0146528540
260,0.1243640136
261,0.0191291896
262,0.0035074245
263,0.2405748591
264,0.6135915469
265,0.4151053881
266,0.7827657872
267,0.5722963761
268,0.0298062859
269,0.0040568503
270,0.0460954430
271,0.8577177888
272,0.0089493025
273,0.1099356392
274,0.9581990493
275,0.0137990113
276,0.0168491123
277,0.5001402301
278,0.7573314989
279,0.0930336165
280,0.5225062841
281,0.0000000000
282,0.7903067721
283,0.0030839972
284,0.0026351359
285,0.9105417638
286,0.6371311654
287,0.0008158645
288,0.9479696587
289,0.8023422286
290,0.0000000000
291,0.1459715322
292,0.0179090258
293,0.0030806735
294,0.9729582230
295,0.0010634139
296,0.0974267791
297,0.9075981176
298,0.0209575982
299,0.9695824154
300,0.0000000000
301,0.8944835733
302,0.8394502294
303,0.0052320767
304,0.0000000000
305,0.0094687545
306,0.0041943544
307,0.7189834464
308,0.2518167496
309,0.0119976177
310,0.9038218822
311,0.8736572521
312,0.9762214676
313,0.0016927866
314,0.8080151833
315,0.0200524851
316,0.0075632102
317,0.0946356298
318,0.0020107726
319,0.0254345969
320,0.0918752255
321,0.1659753975
322,0.5748304107
323,0.0266258917
324,0.0000000000
325,0.0267945020
326,0.9347086359
327,0.0000000000
328,0.0107602055
329,0.0031120749
330,0.0028345557
331,0.0092436569
332,0.0055008897
333,0.3410416133
334,0.0000000000
335,0.9439424407
336,0.0658819489
337,0.3911349973
338,0.0439715493
339,0.1165050463
340,0.0182847963
341,0.0000000000
342,0.0205255918
343,0.0055853271
344,0.0000000000
345,0.0063039950
346,0.0074305309
347,0.0040767829
348,0.3162084715
349,0.7108828345
350,0.0304992048
351,0.6986254087
352,0.7650452190
353,0.8352838260
354,0.0330952987
355,0.0054210764
356,0.0195598958
357,0.0134237170
358,0.0257453667
359,0.0013689302
360,0.3739563605
361,0.0749456826
362,0.0000000000
363,0.0034935470
364,0.9082296388
365,0.1711513773
366,0.0650070941
367,0.0000000000
368,0.3641674144
369,0.6886729292
370,0.0030168906
371,0.0000000000
372,0.0502080409
373,0.5749584805
374,0.0024229035
375,0.7147571532
376,0.0008020726
377,0.0000000000
378,0.0485122093
379,0.0419983111
380,0.0084624930
381,0.4185345822
382,0.7656743948
383,0.0084308443
384,0.8509529452
385,0.0132324172
386,0.9892372363
387,0.6892789021
388,0.7359512943
389,0.7730905159
390,0.5249991678
391,0.8743245379
392,0.0039177154
393,0.6347006662
394,0.2661602714
395,0.4566414140
396,0.8653978318
397,0.9178494315
398,0.8130540793
399,0.9536211880
400,0.6024162130
401,0.6894598898
402,0.0111070569
403,0.0000000000
404,0.0197912023
405,0.0331279029
406,0.7543719736
407,0.0161044122
408,0.0113100499
409,0.0081068658
410,0.0470720313
411,0.5222134869
412,0.0000000000
413,0.0079890331
414,0.0270411014
415,0.0062308914
416,0.0896766446
417,0.0032921324
418,0.0764008620
419,0.0013331956
420,0.0356917232
421,0.0017090715
422,0.0103438223
423,0.7745389705
424,0.0023913321
425,0.0041741979
426,0.0249871185
427,0.0062178498
428,0.0000000000
429,0.0132400773
430,0.0640844617
431,0.0040941444
432,0.9778588807
433,0.0309630092
434,0.0059543291
435,0.8592819510
436,0.7803331717
437,0.0000000000
438,0.1841853532
439,0.0380970743
440,0.0249493590
441,0.0284297223
442,0.3410416133
443,0.7642386594
444,0.0059079067
445,0.8693708822
446,0.0157423428
447,0.0183470711
448,0.0147156940
449,0.1335716151
450,0.0284891838
451,0.0040113056
452,0.0537596308
453,0.9246763243
454,0.8807300887
455,0.8925010264
456,0.0000000000
457,0.0015860217
458,0.0250721174
459,0.6463525643
460,0.7479146338
461,0.0173856944
462,0.0186891702
463,0.0047576658
464,0.7645200424
465,0.0165533249
466,0.6417172820
467,0.9668089587
468,0.0072224994
469,0.0052402298
470,0.0529744195
471,0.0025366405
472,0.6534062487
473,0.6892295237
474,0.0339363479
475,0.0012306116
476,0.0250401645
477,0.9383981217
478,0.0223692742
479,0.7965234841
480,0.8773788744
481,0.7599096873
482,0.9207950991
483,0.0410994372
484,0.7169766733
485,0.4125628033
486,0.0877737832
487,0.0162580751
488,0.2288503559
489,0.0724065283
490,0.0802746809
491,0.1526255264
492,0.0112255451
493,0.0167336895
494,0.8019864201
495,0.7677756097
496,0.6408601655
497,0.2318339646
498,0.0072244847
499,0.1147575210
500,0.0185978921
501,0.1553772274
502,0.0000000000
503,0.0000000000
504,0.0046913131
505,0.0000000000
506,0.0430051841
507,0.0550736647
508,0.0099551613
509,0.0233145509
510,0.2127472281
511,0.1550535528
512,0.8121658885
513,0.2448185245
514,0.0069642050
515,0.0310335777
516,0.0033341065
517,0.9625901069
518,0.9289533136
519,0.0670564495
520,0.0789299239
521,0.9176718374
522,0.7684660767
523,0.0000000000
524,0.0000000000
525,0.8288786356
526,0.7980101112
527,0.3904578805
528,0.8586991166
529,0.6772687560
530,0.0051841813
531,0.8288497273
532,0.0000000000
533,0.0000000000
534,0.0039529300
535,0.0013351222
536,0.5082694126
537,0.0250831183
538,0.8964374339
539,0.9360198416
540,0.9143904073
541,0.4044836967
542,0.0000000000
543,0.0120506341
544,0.9330211783
545,0.0022758831
546,0.0011791006
547,0.4760161379
548,0.0517368094
549,0.0030371230
550,0.0373915030
551,0.0219625390
552,0.0060194651
553,0.0046268353
554,0.0000000000
555,0.0043294625
556,0.0000000000
557,0.0000000000
558,0.0063634001
559,0.0141522513
560,0.9154659810
561,0.2744424608
562,0.0775376143
563,0.0707488297
564,0.5992279082
565,0.7991878753
566,0.0989582810
567,0.0599139845
568,0.8866987856
569,0.2175169919
570,0.8811988261
571,0.9369546576
572,0.0214887426
573,0.8736247768
574,0.1432557919
575,0.8998169633
576,0.7780658684
577,0.9261885121
578,0.9555872085
579,0.0000000000
580,0.0442495464
581,0.0083133177
582,0.0000000000
583,0.2261775298
584,0.0180101340
585,0.9099646764
586,0.8906071979
587,0.9618423358
588,0.0192013051
589,0.8112105261
590,0.1284879776
591,0.0087691527
592,0.0308473744
593,0.0423371526
594,0.0278606759
595,0.0051669927
596,0.0060198612
597,0.0502189976
598,0.0158660886
599,0.8826180978
600,0.3893728788
601,0.0457718733
602,0.0000000000
603,0.8233655156
604,0.7635038147
605,0.0071320303
606,0.0330330687
607,0.0055269010
608,0.0046057243
609,0.0173134430
610,0.3372908213
611,0.2117687553
612,0.0250134677
613,0.0079628637
614,0.0655627961
615,0.0163234983
616,0.0018337382
617,0.9622788410
618,0.8780397000
619,0.3775734615
620,0.0035653414
621,0.8023739119
622,0.0119562374
623,0.6215725619
624,0.3016792738
625,0.0811965517
626,0.0129626427
627,0.9062234283
628,0.0217653114
629,0.0332018014
630,0.8032043269
631,0.0019221715
632,0.0471578795
633,0.0107611264
634,0.1113037911
635,0.9224830497
636,0.8656955979
637,0.0393724010
638,0.5187144060
639,0.0085428465
640,0.1111686803
641,0.8882243948
642,0.0000000000
643,0.1164776402
644,0.0243863497
645,0.0867856958
646,0.9485516500
647,0.9611629749
648,0.0421220136
649,0.0021842572
650,0.8550773666
651,0.0268193088
652,0.0032891098
653,0.3510716615
654,0.0015210372
655,0.0672607733
656,0.3054422421
657,0.0061124995
658,0.0000000000
659,0.4283566760
660,0.6160070502
661,0.0190374163
662,0.2080878431
663,0.0538293249
664,0.0856030796
665,0.7956762835
666,0.9361249695
667,0.6937429737
668,0.9414676947
669,0.0119118673
670,0.0501757849
671,0.0054704255
672,0.0198458510
673,0.7442821458
674,0.8754171331
675,0.0642771703
676,0.0804097415
677,0.9762413718
678,0.7704317275
679,0.0042926420
680,0.0018547056
681,0.0412039577
682,0.6818943808
683,0.0000000000
684,0.0000000000
685,0.9226789363
686,0.0000000000
687,0.0965142520
688,0.0272018292
689,0.1597352542
690,0.6303413555
691,0.8230109744
692,0.8511116864
693,0.4203291227
694,0.9840187155
695,0.0147297144
696,0.0484800233
697,0.7223220465
698,0.3118318568
699,0.4723751872
700,0.4044014432
701,0.0388754703
702,0.1677903514
703,0.0354031858
704,0.1114938364
705,0.0000000000
706,0.0227456435
707,0.6520710221
708,0.0000000000
709,0.0835809388
710,0.6975734469
711,0.7500351262
712,0.0274124984
713,0.0154984883
714,0.0055192255
715,0.0025719638
716,0.9666126731
717,0.0207929998
718,0.9004611569
719,0.3155743412
720,0.9000961252
721,0.0163508365
722,0.0069787822
723,0.1085033038
724,0.8907593408
725,0.6984441718
726,0.0133755570
727,0.1995391326
728,0.9949613230
729,0.0285459840
730,0.0084063829
731,0.1002132307
732,0.0000000000
733,0.0042634356
734,0.0016701788
735,0.0188660126
736,0.0025668603
737,0.0064879310
738,0.0928804232
739,0.0359474385
740,0.9246868957
741,0.3011690835
742,0.1760229409
743,0.0000000000
744,0.0371297965
745,0.1876730319
746,0.0094697380
747,0.0000000000
748,0.0005861282
749,0.1584505337
750,0.9489755829
751,0.0187212602
752,0.3563893522
753,0.0000000000
754,0.0025475873
755,0.0018487105
756,0.0775538368
757,0.0000000000
758,0.6994992977
759,0.0000000000
760,0.5441840588
761,0.5236486891
762,0.0095076610
763,0.4829732239
764,0.9717666664
765,0.0304130184
766,0.1194458203
767,0.0047336453
768,0.0063714535
769,0.0013281003
770,0.0022169125
771,0.5802986163
772,0.0084204532
773,0.8135065666
774,0.0077030189
775,0.0000000000
776,0.0281920034
777,0.8408771633
778,0.0079160690
779,0.8917591169
780,0.5378558711
781,0.8630504731
782,0.0156638503
783,0.0037480756
784,0.4721046413
785,0.2658192962
786,0.7706280555
787,0.2012423142
788,0.0050027684
789,0.0060003551
790,0.1057679823
791,0.0000000000
792,0.9047296201
793,0.0162665070
794,0.0129388773
795,0.7585246093
796,0.8651917320
797,0.9440006896
798,0.0072183820
799,0.7742848234
800,0.0053048998
801,0.0109216335
802,0.0085325577
803,0.9455022700
804,0.5279459306
805,0.7138126212
806,0.0027149875
807,0.0055751533
808,0.0932262313
809,0.8718146519
810,0.0936322665
811,0.9560785028
812,0.7549019203
813,0.3466974711
814,0.0327737761
815,0.0253587957
816,0.0026992173
817,0.0103650814
818,0.8163210081
819,0.0040948632
820,0.0000000000
821,0.0941547112
822,0.0218842583
823,0.0000000000
824,0.0208705117
825,0.0952364873
826,0.5604210689
827,0.0230245154
828,0.8777799044
829,0.0018680347
830,0.9473519827
831,0.0000000000
832,0.0000000000
833,0.0000000000
834,0.8546796321
835,0.0180507283
836,0.0192222432
837,0.7953332685
838,0.7685908269
839,0.8342658825
840,0.0000000000
841,0.8393646293
842,0.6701427796
843,0.0068771861
844,0.0000000000
845,0.8750753370
846,0.9710235374
847,0.0131166212
848,0.7787756073
849,0.9533967115
850,0.3487276969
851,0.2912576296
852,0.0349202463
853,0.8008753279
854,0.6452081767
855,0.5895110954
856,0.0030635028
857,0.9203837667
858,0.1352465108
859,0.0000000000
860,0.4464163400
861,0.0037011872
862,0.0408834303
863,0.0670476192
864,0.0951837146
865,0.9190771351
866,0.0982672839
867,0.0911198465
868,0.0028874724
869,0.0654077351
870,0.7177799147
871,0.6181861186
872,0.0129954665
873,0.0050229522
874,0.3084098413
875,0.0780652384
876,0.0000000000
877,0.0727680884
878,0.0168863089
879,0.1492606978
880,0.0000000000
881,0.1257853498
882,0.2983607084
883,0.0000000000
884,0.5230068599
885,0.0266272318
886,0.0218933469
887,0.4410289232
888,0.0161799007
889,0.0033145967
890,0.6703535641
891,0.0093288599
892,0.0169782118
893,0.0767851679
894,0.8420317072
895,0.6336514128
896,0.0000000000
897,0.0000000000
898,0.0005596628
899,0.9716000318
900,0.9010580241
901,0.0133752942
902,0.4545430980
903,0.0018567934
904,0.8193445217
905,0.8574015761
906,0.0000000000
907,0.0297402371
908,0.7407111492
909,0.5108565135
910,0.0679845137
911,0.1746896760
912,0.0507422765
913,0.0747885602
914,0.0051266044
915,0.1394651050
916,0.2392131374
917,0.9324252745
918,0.0111469873
919,0.0070961606
920,0.8794847068
921,0.4407916728
922,0.0065158795
923,0.0340437228
924,0.8167261473
925,0.0244133186
926,0.6214788191
927,0.1053894328
928,0.0095134680
929,0.0216246558
930,0.4570973503
931,0.0113255034
932,0.0000000000
933,0.0103071737
934,0.0071812317
935,0.6972149101
936,0.2429130285
937,0.0126151796
938,0.0049686965
939,0.8281756332
940,0.0520699330
941,0.6481159516
942,0.6251891088
943,0.0000000000
944,0.0083498460
945,0.6907331563
946,0.0011109740
947,0.0000000000
948,0.0162685975
949,0.7479505751
950,0.1098923327
951,0.3111253545
952,0.8843887571
953,0.0010652742
954,0.7698070593
955,0.9227152406
956,0.0012497162
957,0.0160453921
958,0.5968643877
959,0.0000000000
960,0.9116596690
961,0.3965914915
962,0.4921291710
963,0.0342986421
964,0.9123259130
965,0.0450299947
966,0.1873945695
967,0.0348402848
968,0.0519900241
969,0.4953429029
970,0.0209905006
971,0.7985420741
972,0.0083517507
973,0.9179035894
974,0.0000000000
975,0.0229007826
976,0.0000000000
977,0.0731893540
978,0.0040941444
979,0.0607212540
980,0.9526465419
981,0.0000000000
982,0.1230429543
983,0.0000000000
984,0.8769142805
985,0.0041314624
986,0.0000000000
987,0.0066807153
988,0.0000000000
989,0.9481436838
990,0.0284268906
991,0.0377373963
992,0.2064846398
993,0.0294582334
994,0.0000000000
995,0.4667337926
996,0.0192203771
997,0.0000000000
998,0.7344815603
999,0.3725676329
1000,0.1158297964
1001,0.0139735782
1002,0.0574295293
1003,0.0014039148
1004,0.0258077924
1005,0.2135131902
1006,0.0065084661
1007,0.8501168676
1008,0.8985870237
1009,0.0142363766
1010,0.0010994463
1011,0.0228243344
1012,0.0094185772
1013,0.0149056551
1014,0.0116496245
1015,0.0628251729
1016,0.0311241288
1017,0.0605999076
1018,0.8524954698
1019,0.9123301596
1020,0.1564891416
1021,0.0955522964
1022,0.7510075557
1023,0.3410416133
1024,0.0084678443
1025,0.8479467852
1026,0.0157820531
1027,0.0334826564
1028,0.4750173095
1029,0.2760521809
1030,0.9030628064
1031,0.0032433453
1032,0.0171283569
1033,0.2683344684
1034,0.0249889588
1035,0.0183206086
1036,0.0522650101
1037,0.0074956540
1038,0.1460788008
1039,0.1077378049
1040,0.0144284705
1041,0.9359064228
1042,0.0199778941
1043,0.2493595996
1044,0.7747276797
1045,0.0213533171
1046,0.0000000000
1047,0.0142597665
1048,0.6928125294
1049,0.9018520981
1050,0.3151005779
1051,0.1239456323
1052,0.9884932219
1053,0.7999436999
1054,0.5916455519
1055,0.9005599452
1056,0.0383958328
1057,0.0016528248
1058,0.0000000000
1059,0.0288369667
1060,0.0069396733
1061,0.0479457910
1062,0.8319408744
1063,0.0292748478
1064,0.9622788410
1065,0.8197300978
1066,0.0096549283
1067,0.0000000000
1068,0.9385452484
1069,0.0017550765
1070,0.0000000000
1071,0.0035424060
1072,0.0119685627
1073,0.8377849806
1074,0.8867827069
1075,0.0019835581
1076,0.0324044520
1077,0.0000000000
1078,0.8099516004
1079,0.0541253532
1080,0.8670136905
1081,0.0000000000
1082,0.0076012761
1083,0.0542400846
1084,0.2492322458
1085,0.0172258339
1086,0.3065454129
1087,0.7227188496
1088,0.4252209082
1089,0.0000000000
1090,0.8883317569
1091,0.0117121867
1092,0.4523285575
1093,0.0008508660
1094,0.0006045254
1095,0.7877669699
1096,0.8077177011
1097,0.0029875071
1098,0.0000000000
1099,0.8853567477
1100,0.0037950912
1101,0.0317401665
1102,0.7918132387
1103,0.0000000000
1104,0.0000000000
1105,0.0000000000
1106,0.0226264330
1107,0.6407422912
1108,0.0398944505
1109,0.0020568756
1110,0.5753154273
1111,0.9577907740
1112,0.0052696215
1113,0.0000000000
1114,0.0021432988
1115,0.5723073378
1116,0.0153575680
1117,0.9521743536
1118,0.6583223093
1119,0.8374716327
1120,0.0079891920
1121,0.9032241688
1122,0.0083480834
1123,0.0000000000
1124,0.6213982034
1125,0.0562223330
1126,0.9851274793
1127,0.0000000000
1128,0.0281631212
1129,0.0759731261
1130,0.4712049887
1131,0.9595184082
1132,0.9263668864
1133,0.0037944236
1134,0.0103608119
1135,0.7321247363
1136,0.0460576911
1137,0.0626212114
1138,0.0022870517
1139,0.0000000000
1140,0.0087752764
1141,0.0836751173
1142,0.0041698225
1143,0.8099180793
1144,0.0000000000
1145,0.0059452442
1146,0.0851015429
1147,0.0650552562
1148,0.0000000000
1149,0.0000000000
1150,0.0162750267
1151,0.0077743554
1152,0.8010119966
1153,0.0140175047
1154,0.0715844553
1155,0.0060199975
1156,0.0003862132
1157,0.3768803027
1158,0.9552093915
1159,0.8068113354
1160,0.2370096264
1161,0.0059063113
1162,0.9399985398
1163,0.9091018988
1164,0.0017014692
1165,0.5582097207
1166,0.0000000000
1167,0.0016852999
1168,0.6436613050
1169,0.8514859576
1170,0.8473749001
1171,0.0036514686
1172,0.1842597185
1173,0.0013156722
1174,0.0077435512
1175,0.0811868360
1176,0.0087820238
1177,0.8115796232
1178,0.0064984300
1179,0.0226117299
1180,0.0207413639
1181,0.0040288750
1182,0.7987623118
1183,0.0875096515
1184,0.0010575827
1185,0.5484094075
1186,0.0000000000
1187,0.0133326207
1188,0.0021525257
1189,0.4548992575
1190,0.0026958199
1191,0.9465122334
1192,0.0027439495
1193,0.9529427526
1194,0.8736716815
1195,0.1138045990
1196,0.9851239398
1197,0.1948307294
1198,0.0310301160
1199,0.8107064331
1200,0.7816068597
1201,0.0037347831
1202,0.0101327659
1203,0.2371673501
1204,0.0055621884
1205,0.3410416133
1206,0.0191099878
1207,0.9000155315
1208,0.7106276036
1209,0.0108612058
1210,0.0305168524
1211,0.7963534125
1212,0.7929038787
1213,0.0173745763
1214,0.8339755842
1215,0.0058791147
1216,0.0115141814
1217,0.0069278266
1218,0.0000000000
1219,0.3124864575
1220,0.9543454533
1221,0.0014811561
1222,0.0036691826
1223,0.9185487254
1224,0.1986995645
1225,0.8255136451
1226,0.0000000000
1227,0.0363653824
1228,0.0527342161
1229,0.9421625226
1230,0.0085325577
1231,0.0224950715
1232,0.7258077003
1233,0.0000000000
1234,0.0120178579
1235,0.0058942267
1236,0.7778578549
1237,0.8421998796
1238,0.0461058117
1239,0.0058863718
1240,0.2935033117
1241,0.0000000000
1242,0.0013629029
1243,0.0054235498
1244,0.9273673848
1245,0.9941208393
1246,0.2829832605
1247,0.0872463641
1248,0.0019509781
1249,0.0000000000
1250,0.7106922272
1251,0.0023913321
1252,0.0000000000
1253,0.0000000000
1254,0.0045874245
1255,0.0428505051
1256,0.5981157070
1257,0.0080688891
1258,0.0000000000
1259,0.6841903481
1260,0.0561255930
1261,0.0000000000
1262,0.8316553547
1263,0.0000000000
1264,0.0064533818
1265,0.9251959838
1266,0.0271349496
1267,0.6726440863
1268,0.1341430131
1269,0.0000000000
1270,0.0000000000
1271,0.0184047303
1272,0.8284786117
1273,0.9789262165
1274,0.0111773423
1275,0.1617544264
1276,0.0099809930
1277,0.0347293291
1278,0.1982452223
1279,0.2889000333
1280,0.5954511016
1281,0.9237371485
1282,0.1480710563
1283,0.0252402200
1284,0.0256791208
1285,0.0122009507
1286,0.3113079103
1287,0.0000000000
1288,0.0947791131
1289,0.2278831157
1290,0.0965179767
1291,0.1250188783
1292,0.0949294827
1293,0.6213982034
1294,0.0021525257
1295,0.0018607215
1296,0.0000000000
1297,0.0061678010
1298,0.0011022888
1299,0.0207224482
1300,0.5926654598
1301,0.7620345024
1302,0.0104847737
1303,0.1379654109
1304,0.4377311709
1305,0.0223344241
1306,0.0208702962
1307,0.4954927062
1308,0.0168571632
1309,0.0039935374
1310,0.9785268330
1311,0.3247417919
1312,0.1244867113
1313,0.0084646276
1314,0.0000000000
1315,0.0000000000
1316,0.0081631371
1317,0.0000000000
1318,0.5795729779
1319,0.0006317065
1320,0.0072012639
1321,0.8507457981
1322,0.4884404037
1323,0.0033531806
1324,0.0013543479
1325,0.0045651685
1326,0.0441732904
1327,0.0962449375
1328,0.6517907043
1329,0.1781259144
1330,0.9368358803
1331,0.7666810596
1332,0.6198007332
1333,0.0000000000
1334,0.6975441812
1335,0.9449587073
1336,0.6556110905
1337,0.8811789396
1338,0.7100325054
1339,0.7190928264
1340,0.5442562892
1341,0.0000000000
1342,0.8449822364
1343,0.0190396818
1344,0.0193071706
1345,0.0075653759
1346,0.0105764575
1347,0.0199958768
1348,0.0000000000
1349,0.0924965139
1350,0.8132066222
1351,0.8380492089
1352,0.8809292717
1353,0.8287357741
1354,0.0069267778
1355,0.1572699872
1356,0.2274973016
1357,0.0000000000
1358,0.0451575942
1359,0.4261281586
1360,0.8604958594
1361,0.0845446500
1362,0.3559997073
1363,0.2830623014
1364,0.1211203115
1365,0.0046560666
1366,0.7469308361
1367,0.0084592922
1368,0.7698173959
1369,0.9618517551
1370,0.0000000000
1371,0.2692571988
1372,0.0763739510
1373,0.0026881120
1374,0.8437473862
1375,0.0013084035
1376,0.7250788317
1377,0.9153405408
1378,0.9142896582
1379,0.8705952334
1380,0.8338908159
1381,0.0137617159
1382,0.4751105625
1383,0.0078514560
1384,0.0000000000
1385,0.0039895148
1386,0.0131159256
1387,0.0481982638
1388,0.0000000000
1389,0.7475756164
1390,0.0039774229
1391,0.0014452218
1392,0.0098523676
1393,0.0009901625
1394,0.1523784207
1395,0.8153227045
1396,0.6375476614
1397,0.1922333422
1398,0.0090040820
1399,0.0387485945
1400,0.3410416133
1401,0.0255113207
1402,0.8121715028
1403,0.0000000000
1404,0.3473004546
1405,0.0000000000
1406,0.0025000882
1407,0.0145583162
1408,0.7733676763
1409,0.0051450573
1410,0.0025275925
1411,0.0032574710
1412,0.0194791173
1413,0.0079996394
1414,0.0000000000
1415,0.0000000000
1416,0.0016254156
1417,0.7259497571
1418,0.0051320078
1419,0.1893372525
1420,0.0025116096
1421,0.9596040980
1422,0.0839941967
1423,0.0059777323
1424,0.0239636926
1425,0.0341327481
1426,0.9095641080
1427,0.0441217180
1428,0.0000000000
1429,0.0025189261
1430,0.7203101764
1431,0.9468496766
1432,0.7669850939
1433,0.0072598953
1434,0.0074900658
1435,0.0118592048
1436,0.0053991798
1437,0.0630357770
1438,0.0070047464
1439,0.8957477610
1440,0.0088772104
1441,0.3879593687
1442,0.0122048185
1443,0.8112887377
1444,0.0723266956
1445,0.2773818943
1446,0.9105571470
1447,0.3410416133
1448,0.2790810345
1449,0.9375788973
1450,0.0328731691
1451,0.8823197602
1452,0.8342444843
1453,0.1791416044
1454,0.8303135796
1455,0.0631494346
1456,0.7947388984
1457,0.0780515803
1458,0.4979852376
1459,0.0035960016
1460,0.0008372724
1461,0.0066828896
1462,0.5892391011
1463,0.6141296884
1464,0.6644820066
1465,0.9409926206
1466,0.3452113690
1467,0.0692166188
1468,0.7689438335
1469,0.1293252147
1470,0.0042277498
1471,0.0026902037
1472,0.8942675806
1473,0.0039812706
1474,0.9001224474
1475,0.6875980264
1476,0.0139023506
1477,0.0000000000
1478,0.9941782167
1479,0.9176636859
1480,0.0490651908
1481,0.8825371912
1482,0.8459558616
1483,0.0029297383
1484,0.0020917879
1485,0.6941797695
1486,0.0079467776
1487,0.0000000000
1488,0.5736069307
1489,0.0090885837
1490,0.8674853046
1491,0.9349164969
1492,0.1434196434
1493,0.0045727024
1494,0.0137091081
1495,0.0023147698
1496,0.2845023771
1497,0.0099889995
1498,0.8008305604
1499,0.1664118135
1500,0.0173270731
1501,0.0235486450
1502,0.0235867516
1503,0.0577296719
1504,0.9330846124
1505,0.0000000000
1506,0.8436493990
1507,0.0293312457
1508,0.0043294625
1509,0.0000000000
1510,0.0597927813
1511,0.0000000000
1512,0.6229326628
1513,0.9117263545
1514,0.2466578452
1515,0.9175266581
1516,0.0159085326
1517,0.6862055557
1518,0.0061454734
1519,0.8883520536
1520,0.0255796885
1521,0.0364187052
1522,0.2212512880
1523,0.0172918102
1524,0.0038753239
1525,0.8364941891
1526,0.0097002512
1527,0.0024899950
1528,0.0095270581
1529,0.0520031821
1530,0.0016784113
1531,0.1421970147
1532,0.2936558994
1533,0.0050609887
1534,0.0256730430
1535,0.0071883248
1536,0.0509162470
1537,0.0393616073
1538,0.0000000000
1539,0.0707552138
1540,0.0364761488
1541,0.6494197071
1542,0.0051073627
1543,0.0919294212
1544,0.9383898644
1545,0.0970116945
1546,0.9580099590
1547,0.8984091381
1548,0.7391881872
1549,0.0916417363
1550,0.0000000000
1551,0.6506198559
1552,0.8878778956
1553,0.0020782627
1554,0.0049848127
1555,0.0082288339
1556,0.0375393176
1557,0.0131843857
1558,0.0144614167
1559,0.6094009687
1560,0.4949554841
1561,0.0073863888
1562,0.0239031548
1563,0.0000000000
1564,0.0000000000
1565,0.1793528322
1566,0.9215050618
1567,0.9333884361
1568,0.8349800331
1569,0.0104598269
1570,0.0700990098
1571,0.0357943076
1572,0.0037011469
1573,0.6213982034
1574,0.0176155839
1575,0.4042939449
1576,0.8771384538
1577,0.0051587455
1578,0.3610779386
1579,0.8002798604
1580,0.7470261904
1581,0.0081716251
1582,0.9799443701
1583,0.9623204336
1584,0.5089355375
1585,0.0102610209
1586,0.0632812172
1587,0.0350600689
1588,0.0240131639
1589,0.7326568633
1590,0.8343058554
1591,0.2646552785
1592,0.7782115980
1593,0.0052955868
1594,0.0234247809
1595,0.9206971872
1596,0.8687839762
1597,0.0749973627
1598,0.8160936770
1599,0.6820871372
1600,0.2148794751
1601,0.0000000000
1602,0.0085325577
1603,0.7476498419
1604,0.0513768685
1605,0.8116763415
1606,0.2657770395
1607,0.9758980283
1608,0.9257648000
1609,0.9524731831
1610,0.6231234512
1611,0.0000000000
1612,0.9148800772
1613,0.0340168805
1614,0.9047857491
1615,0.6049259583
1616,0.7790281363
1617,0.7664452266
1618,0.0110970304
1619,0.0059872345
1620,0.0160269910
1621,0.8748466834
1622,0.1763418741
1623,0.0531725582
1624,0.1083783140
1625,0.7866505310
1626,0.7417686887
1627,0.0009117353
1628,0.9887857469
1629,0.0079944128
1630,0.3657932595
1631,0.9418779197
1632,0.0137665765
1633,0.7775351514
1634,0.4108422492
1635,0.0000000000
1636,0.9313472070
1637,0.0160937426
1638,0.0000000000
1639,0.5908841438
1640,0.8195539691
1641,0.2384548883
1642,0.9804946470
1643,0.9588602145
1644,0.0000000000
1645,0.8738146996
1646,0.1724722790
1647,0.8444758931
1648,0.8754326909
1649,0.5463632914
1650,0.0114261429
1651,0.2080482390
1652,0.7249798098
1653,0.0321108681
1654,0.0225468991
1655,0.0084894967
1656,0.0000000000
1657,0.2216192743
1658,0.0463661148
1659,0.8669339402
1660,0.4344942519
1661,0.2406990009
1662,0.0124280677
1663,0.9009175114
1664,0.0000000000
1665,0.5398627713
1666,0.8704199815
1667,0.0255456602
1668,0.0063688073
1669,0.3989255011
1670,0.0032465654
1671,0.0375734815
1672,0.0171283569
1673,0.0390586270
1674,0.3219968426
1675,0.7733264420
1676,0.9756838088
1677,0.9082523128
1678,0.0495277141
1679,0.0222197612
1680,0.1773380325
1681,0.9082567097
1682,0.9073907644
1683,0.0721628483
1684,0.0082259814
1685,0.0027329168
1686,0.0164260652
1687,0.7360145043
1688,0.6837644745
1689,0.5215039767
1690,0.0179500368
1691,0.9190526204
1692,0.9681322836
1693,0.8783700282
1694,0.0068406008
1695,0.0017320511
1696,0.9407785309
1697,0.8573294136
1698,0.0864082119
1699,0.0000000000
1700,0.0236573340
1701,0.0269420528
1702,0.4315176396
1703,0.6747299352
1704,0.0152590547
1705,0.1263138964
1706,0.6317039717
1707,0.0174844493
1708,0.6602505949
1709,0.0000000000
1710,0.7032284978
1711,0.0000000000
1712,0.0087426636
1713,0.9645040431
1714,0.0076354225
1715,0.8836695469
1716,0.3720741973
1717,0.0000000000
1718,0.8294350680
1719,0.4069395266
1720,0.3643007023
1721,0.5949753114
1722,0.0000000000
1723,0.0069921999
1724,0.9217009299
1725,0.6246036703
1726,0.9400193378
1727,0.0093597964
1728,0.0136509351
1729,0.0000000000
1730,0.5888253319
1731,0.0039365546
1732,0.9322943483
1733,0.0358866655
1734,0.0610927634
1735,0.0342095058
1736,0.8179460087
1737,0.9235407763
1738,0.3685685625
1739,0.9489755829
1740,0.9161571727
1741,0.2222872906
1742,0.0119593242
1743,0.1915573575
1744,0.8861418204
1745,0.0149125362
1746,0.1362246509
1747,0.0024478674
1748,0.2654312072
1749,0.0000000000
1750,0.1235005779
1751,0.9047087356
1752,0.0121805745
1753,0.0488733225
1754,0.0426632481
1755,0.0157577595
1756,0.9200954395
1757,0.1240149217
1758,0.0166621060
1759,0.9113578232
1760,0.9415638582
1761,0.0000000000
1762,0.9294621170
1763,0.0060894614
1764,0.2498490355
1765,0.0871150180
1766,0.0754696529
1767,0.8184643589
1768,0.6080933812
1769,0.0361185223
1770,0.0894514048
1771,0.8815041020
1772,0.8681467954
1773,0.7700668640
1774,0.2722779757
1775,0.0064287145
1776,0.0109980203
1777,0.6306308770
1778,0.8623787491
1779,0.0043665014
1780,0.0060663663
1781,0.9887857469
1782,0.0025078542
1783,0.3709504704
1784,0.1209222094
1785,0.7545340499
1786,0.0683290755
1787,0.0041250916
1788,0.5521854060
1789,0.7203603617
1790,0.8106026136
1791,0.0092216470
1792,0.8991497699
1793,0.4977300796
1794,0.6116945674
1795,0.0000000000
1796,0.0000000000
1797,0.0304988708
1798,0.0095618345
1799,0.5497598850
1800,0.9887857469
1801,0.0365895294
1802,0.2216099617
1803,0.9120014789
1804,0.3609444721
1805,0.0000000000
1806,0.0468827430
1807,0.0000000000
1808,0.0072345588
1809,0.0049943022
1810,0.1844182776
1811,0.0037421073
1812,0.8622716809
1813,0.9620297125
1814,0.8964998664
1815,0.0496262083
1816,0.7306518325
1817,0.7139125241
1818,0.6446326205
1819,0.0130930013
1820,0.0385547465
1821,0.9510428088
1822,0.7654299585
1823,0.0309028896
1824,0.7546980658
1825,0.7322766783
1826,0.0066033834
1827,0.2279347593
1828,0.0000000000
1829,0.0077165916
1830,0.8328463721
1831,0.0905011784
1832,0.0000000000
1833,0.0000000000
1834,0.9489755829
1835,0.7181102559
1836,0.0258111607
1837,0.9169405759
1838,0.0068961624
1839,0.0006918275
1840,0.1177145708
1841,0.0000000000
1842,0.9093623485
1843,0.8219100655
1844,0.0038275613
1845,0.6780530637
1846,0.0037920962
1847,0.0041725912
1848,0.0000000000
1849,0.7604089284
1850,0.0083498460
1851,0.0000000000
1852,0.4093885230
1853,0.1065926189
1854,0.6119188861
1855,0.0000000000
1856,0.0039460540
1857,0.8219530322
1858,0.0057484621
1859,0.0021150245
1860,0.1465122705
1861,0.0132698608
1862,0.0000000000
1863,0.0000000000
1864,0.0000000000
1865,0.4734777295
1866,0.0025415848
1867,0.9099743051
1868,0.0635964252
1869,0.6403815109
1870,0.3115643681
1871,0.0020485820
1872,0.0284904669
1873,0.0808653343
1874,0.8960491778
1875,0.0238611092
1876,0.0200130544
1877,0.1674202847
1878,0.0137810948
1879,0.0185878052
1880,0.8359707264
1881,0.6933914822
1882,0.3942835757
1883,0.0086428885
1884,0.0000000000
1885,0.8641152474
1886,0.1426954179
1887,0.7519414331
1888,0.0000000000
1889,0.0000000000
1890,0.7576538785
1891,0.0724488397
1892,0.7919612178
1893,0.0042350659
1894,0.0096258460
1895,0.6272659472
1896,0.0048124818
1897,0.9194978680
1898,0.7096903415
1899,0.0637138955
1900,0.8958349930
1901,0.0000000000
1902,0.0068145747
1903,0.0107277511
1904,0.8404606173
1905,0.0151070778
1906,0.0054482393
1907,0.0058801535
1908,0.0072847907
1909,0.7921160167
1910,0.9053721287
1911,0.9165479988
1912,0.0000000000
1913,0.0370724143
1914,0.0144149637
1915,0.8619897425
1916,0.0071203309
1917,0.0320665040
1918,0.7107996964
1919,0.1191329563
1920,0.6454999407
1921,0.0171548620
1922,0.9077855945
1923,0.0439241067
1924,0.0656518722
1925,0.0333956700
1926,0.0000000000
1927,0.1012931609
1928,0.0012450573
1929,0.0000000000
1930,0.0127742718
1931,0.8801942670
1932,0.0000000000
1933,0.0118887493
1934,0.0615041282
1935,0.1674881258
1936,0.0008465204
1937,0.0065494450
1938,0.0389415239
1939,0.0000000000
1940,0.4431158565
1941,0.9148421590
1942,0.9366868943
1943,0.8358878718
1944,0.0037473200
1945,0.7370696040
1946,0.6663171528
1947,0.7721095003
1948,0.0044939619
1949,0.6772236067
1950,0.0227834071
1951,0.9346531878
1952,0.8600781425
1953,0.8715544710
1954,0.0088011213
1955,0.0154199595
1956,0.6463525643
1957,0.1628120315
1958,0.8387474889
1959,0.0016046559
1960,0.0052900687
1961,0.0160036166
1962,0.0102326963
1963,0.0216041048
1964,0.8039881436
1965,0.1859586764
1966,0.0196168417
1967,0.5557726065
1968,0.0105980587
1969,0.9655583319
1970,0.0025528753
1971,0.0025318483
1972,0.1895452747
1973,0.1657517468
1974,0.4918888488
1975,0.0000000000
1976,0.0000000000
1977,0.0816430232
1978,0.2716740282
1979,0.2359185887
1980,0.0013561347
1981,0.0375913330
1982,0.0008372724
1983,0.9770730172
1984,0.6223715108
1985,0.0021997057
1986,0.0000000000
1987,0.8836828010
1988,0.0653782115
1989,0.3959848047
1990,0.9709309669
1991,0.0000000000
1992,0.0068707749
1993,0.0070186980
1994,0.4220727175
1995,0.0000000000
1996,0.9710235374
1997,0.9489789432
1998,0.0000000000
1999,0.1796768123
2000,0.0187990031
2001,0.0135017819
2002,0.7540841955
2003,0.0412237402
2004,0.5442562892
2005,0.0212679728
2006,0.9143269800
2007,0.0000000000
2008,0.0357879585
2009,0.0207858986
2010,0.5187889762
2011,0.0000000000
2012,0.0277509397
2013,0.0452966759
2014,0.8684866170
2015,0.0011546780
2016,0.0023053844
2017,0.9418831088
2018,0.6992680197
2019,0.0077424534
2020,0.0071546117
2021,0.5494753459
2022,0.7787598789
2023,0.8258204513
2024,0.0030287216
2025,0.0120181679
2026,0.0199839258
2027,0.0133395824
2028,0.0208023448
2029,0.8512226091
2030,0.8090732645
2031,0.0312473242
2032,0.0403116011
2033,0.0000000000
2034,0.0000000000
2035,0.0000000000
2036,0.0000000000
2037,0.0187944680
2038,0.8736577297
2039,0.0302960961
2040,0.6515712847
2041,0.4836133691
2042,0.9368358803
2043,0.0321199521
2044,0.0000000000
2045,0.0893963788
2046,0.7304321933
2047,0.0000000000
2048,0.0431542214
2049,0.8693099982
2050,0.8948383054
2051,0.4095580143
2052,0.0012266700
2053,0.3668630059
2054,0.0115594945
2055,0.0109744402
2056,0.0211676826
2057,0.2146134095
2058,0.6244766428
2059,0.0029615324
2060,0.0000000000
2061,0.9058499604
2062,0.0938152295
2063,0.0014581144
2064,0.6690552113
2065,0.0000000000
2066,0.0267567652
2067,0.1426328724
2068,0.0035943438
2069,0.0858701935
2070,0.2009259359
2071,0.8876264858
2072,0.0117529052
2073,0.0000000000
2074,0.7020044723
2075,0.0280672204
2076,0.0248630063
2077,0.0036332686
2078,0.8219741341
2079,0.0850020013
2080,0.0149527112
2081,0.0363020911
2082,0.0279706610
2083,0.0194520873
2084,0.7440216690
2085,0.0018814476
2086,0.0033731962
2087,0.0027931704
2088,0.0017065412
2089,0.3629517445
2090,0.0164817817
2091,0.0000000000
2092,0.0275733844
2093,0.9384725930
2094,0.8074416647
2095,0.0000000000
2096,0.8577952343
2097,0.9195370851
2098,0.6519108552
2099,0.8860595875
2100,0.0051362742
2101,0.9356481700
2102,0.0000000000
2103,0.0098158650
2104,0.8968850365
2105,0.0081925324
2106,0.0000000000
2107,0.0690251929
2108,0.9208976608
2109,0.0197506598
2110,0.7769360647
2111,0.0355966406
2112,0.0000000000
2113,0.8906998185
2114,0.0043690345
2115,0.9134754676
2116,0.0000000000
2117,0.0292910411
2118,0.0036113012
2119,0.0000000000
2120,0.0120290827
2121,0.2378966479
2122,0.0045591897
2123,0.9670114298
2124,0.1065367778
2125,0.0377182652
2126,0.0000000000
2127,0.0000000000
2128,0.9210396878
2129,0.0063717544
2130,0.8403975679
2131,0.0111993074
2132,0.0000000000
2133,0.0055021897
2134,0.0051507018
2135,0.8744452966
2136,0.3016796443
2137,0.0039539477
2138,0.0496175279
2139,0.0265881389
2140,0.7676770872
2141,0.0318148698
2142,0.9034753945
2143,0.2368461826
2144,0.0060720626
2145,0.0207547298
2146,0.8798146280
2147,0.0061998862
2148,0.0000000000
2149,0.0010831290
2150,0.0031981491
2151,0.9474710143
2152,0.9113005947
2153,0.0000000000
2154,0.0056038075
2155,0.8588683629
2156,0.0000000000
2157,0.0181173407
2158,0.6213982034
2159,0.9283817643
2160,0.0908784270
2161,0.0016604480
2162,0.0000000000
2163,0.9933238993
2164,0.0916909713
2165,0.0000000000
2166,0.9590494169
2167,0.0085948287
2168,0.0134073108
2169,0.7660622030
2170,0.4853938370
2171,0.9449666549
2172,0.9716844108
2173,0.0139330067
2174,0.0065988124
2175,0.6696492967
2176,0.0088425596
2177,0.7618816886
2178,0.0069209401
2179,0.0309725605
2180,0.0122572818
2181,0.0083985262
2182,0.6693791229
2183,0.1268416282
2184,0.8864116053
2185,0.0060515363
2186,0.8444758931
2187,0.0030385210
2188,0.8851833747
2189,0.0302591598
2190,0.0562145842
2191,0.9155307943
2192,0.0701678065
2193,0.0268583708
2194,0.0156552573
2195,0.9941208393
2196,0.0215595938
2197,0.0000000000
2198,0.9149630097
2199,0.9450139291
2200,0.0007844383
2201,0.1053849170
2202,0.0000000000
2203,0.0000000000
2204,0.0353507121
2205,0.3269134475
2206,0.9770730172
2207,0.5485289223
2208,0.0112117444
2209,0.0124993054
2210,0.0000000000
2211,0.9497313195
2212,0.0000000000
2213,0.4586760926
2214,0.0963842618
2215,0.1089968744
2216,0.0141797264
2217,0.0508610255
2218,0.8956097427
2219,0.3781456343
2220,0.9452756764
2221,0.7269981473
2222,0.9011145472
2223,0.7993917925
2224,0.8922379261
2225,0.0779816385
2226,0.0908177488
2227,0.5708633010
2228,0.7368528889
2229,0.0101869925
2230,0.0224058627
2231,0.0308765989
2232,0.9472838410
2233,0.0073645285
2234,0.0451606567
2235,0.5628547345
2236,0.5631438121
2237,0.9486589390
2238,0.6484843318
2239,0.0232797532
2240,0.3223285267
2241,0.0039604998
2242,0.1666942750
2243,0.7452242513
2244,0.0009092395
2245,0.6811533938
2246,0.4653584652
2247,0.0598333621
2248,0.0152203586
2249,0.7717125278
2250,0.8411538485
2251,0.8946586085
2252,0.6534345496
2253,0.0030806735
2254,0.8597610993
2255,0.0156311753
2256,0.8996246456
2257,0.0134655231
2258,0.0257128412
2259,0.0044655716
2260,0.0023510818
2261,0.5433947587
2262,0.8166550618
2263,0.0972174514
2264,0.6141296884
2265,0.0038517875
2266,0.5842522099
2267,0.0059564559
2268,0.0065591071
2269,0.8664522577
2270,0.3725676329
2271,0.8179082606
2272,0.9419506288
2273,0.0019171646
2274,0.0039365546
2275,0.8830254560
2276,0.8623416672
2277,0.0529483894
2278,0.8491293066
2279,0.6050008627
2280,0.0492401596
2281,0.0000000000
2282,0.0008482789
2283,0.2181120665
2284,0.8872040416
2285,0.8369627753
2286,0.8717596819
2287,0.0209608517
2288,0.0043869717
2289,0.8043172781
2290,0.7110257775
2291,0.1973795232
2292,0.0455346529
2293,0.0020769897
2294,0.7623224067
2295,0.4679253158
2296,0.0000000000
2297,0.1127399964
2298,0.1912527345
2299,0.8800044680
2300,0.8341516331
2301,0.0117574434
2302,0.8573294136
2303,0.0112185739
2304,0.0092680231
2305,0.0000000000
2306,0.9363152966
2307,0.1528578910
2308,0.0134259721
2309,0.9139309324
2310,0.0037370266
2311,0.8434349461
2312,0.9042158317
2313,0.0326610931
2314,0.5620253998
2315,0.2435488433
2316,0.0122433723
2317,0.1942111722
2318,0.0092902243
2319,0.4273630908
2320,0.8615508192
2321,0.0605053375
2322,0.0000000000
2323,0.0506450771
2324,0.0225035817
2325,0.0693204889
2326,0.0475482646
2327,0.4849617542
2328,0.0145984836
2329,0.0889674606
2330,0.0000000000
2331,0.1032537666
2332,0.0020258891
2333,0.0022301481
2334,0.0070177160
2335,0.8949869320
2336,0.6213982034
2337,0.0167516036
2338,0.1903194793
2339,0.0000000000
2340,0.0000000000
2341,0.8894983159
2342,0.0011835156
2343,0.0929049764
2344,0.0000000000
2345,0.0016595615
2346,0.0027382823
2347,0.8493743221
2348,0.0770377379
2349,0.0025357592
2350,0.0000000000
2351,0.0412704917
2352,0.0000000000
2353,0.5970352537
2354,0.0000000000
2355,0.0867975477
2356,0.7012727075
2357,0.6665007762
2358,0.8820897072
2359,0.9266364095
2360,0.0085281599
2361,0.0459831020
2362,0.3500161176
2363,0.0058184144
2364,0.0077345971
2365,0.0679365056
2366,0.9089931538
2367,0.8677862351
2368,0.0039921750
2369,0.0238482718
2370,0.0422271073
2371,0.0136556907
2372,0.9123315316
2373,0.8197395504
2374,0.0437406729
2375,0.0639412742
2376,0.0215414850
2377,0.0070818668
2378,0.0060146856
2379,0.8558540348
2380,0.4844527644
2381,0.0000000000
2382,0.4922216494
2383,0.0077466863
2384,0.6741628507
2385,0.8611546210
2386,0.3726066468
2387,0.0023725792
2388,0.0024853378
2389,0.6463577285
2390,0.0313782834
2391,0.8862886100
2392,0.9796804473
2393,0.1327414182
2394,0.8178789281
2395,0.8922237302
2396,0.0123785974
2397,0.8548197614
2398,0.0071591296
2399,0.0688670787
2400,0.0590020557
2401,0.7038121786
2402,0.0000000000
2403,0.9409007381
2404,0.0510579580
2405,0.6899532849
2406,0.5227454436
2407,0.5645957687
2408,0.0609205295
2409,0.8139374196
2410,0.0261670460
2411,0.3270821348
2412,0.5522174372
2413,0.0309476889
2414,0.8551919219
2415,0.0066518690
2416,0.9466592008
2417,0.0049170325
2418,0.0277228798
2419,0.4293491592
2420,0.0152750906
2421,0.1136491204
2422,0.4024634507
2423,0.0793703334
2424,0.0000000000
2425,0.8690987909
2426,0.7856188498
2427,0.4217416058
2428,0.0083090346
2429,0.0447989004
2430,0.4858924262
2431,0.0000000000
2432,0.1577784997
2433,0.0155168395
2434,0.0055881012
2435,0.0000000000
2436,0.0244357847
2437,0.4109451155
2438,0.0178170580
2439,0.8770461681
2440,0.7427346070
2441,0.0161333708
2442,0.3619234079
2443,0.0219412155
2444,0.7656743948
2445,0.0052901323
2446,0.0000000000
2447,0.0321171141
2448,0.0000000000
2449,0.8660884801
2450,0.0141609218
2451,0.0000000000
2452,0.0013493050
2453,0.0040441214
2454,0.0057252929
2455,0.8260061039
2456,0.0000000000
2457,0.7657475665
2458,0.3891573993
2459,0.8561927832
2460,0.0375994320
2461,0.0175802425
2462,0.7851573887
2463,0.0000000000
2464,0.0229071310
2465,0.1262585935
2466,0.0000000000
2467,0.0115852381
2468,0.7789190615
2469,0.0000000000
2470,0.7114129206
2471,0.8775117110
2472,0.0139136809
2473,0.0381261723
2474,0.3000524410
2475,0.0000000000
2476,0.0046733642
2477,0.0639678576
2478,0.9313722620
2479,0.4872500708
2480,0.0211494296
2481,0.2615198119
2482,0.0091490498
2483,0.9089909244
2484,0.4275529381
2485,0.1243394820
2486,0.0102369624
2487,0.0454217732
2488,0.0032065248
2489,0.0036128894
2490,0.7718910015
2491,0.0493456098
2492,0.0618645619
2493,0.2063399957
2494,0.0746168484
2495,0.0036842389
2496,0.0132436444
2497,0.4047926843
2498,0.0138058790
2499,0.0235262002
2500,0.0097464104
2501,0.3638073998
2502,0.7734778808
2503,0.8378583640
2504,0.0454316268
2505,0.4233796520
2506,0.0152237853
2507,0.0067832716
2508,0.0068443735
2509,0.9078060800
2510,0.0108591132
2511,0.0137392861
2512,0.0072133537
2513,0.0226221969
2514,0.0010792700
2515,0.8883520536
2516,0.0063978413
2517,0.0068597432
2518,0.0077029365
2519,0.0254070637
2520,0.0109677001
2521,0.9255865995
2522,0.8009067716
2523,0.1286614507
2524,0.9711669796
2525,0.5839253016
2526,0.0010925804
2527,0.0160123034
2528,0.0024672702
2529,0.0000000000
2530,0.0032738407
2531,0.8972769166
2532,0.7218452233
2533,0.0039922871
2534,0.0134842437
2535,0.7558065391
2536,0.0117034303
2537,0.0000000000
2538,0.0047076191
2539,0.5698374769
2540,0.4154956595
2541,0.4992224190
2542,0.3410416133
2543,0.8864111682
2544,0.6857361274
2545,0.8302759271
2546,0.0000000000
2547,0.0013430508
2548,0.0015281965
2549,0.9126117311
2550,0.0154063420
2551,0.0055275615
2552,0.0128567279
2553,0.0375661346
2554,0.5353256570
2555,0.0471842864
2556,0.0432452697
2557,0.0039859835
2558,0.0000000000
2559,0.7369113302
2560,0.8258982176
2561,0.0000000000
2562,0.0666456780
2563,0.9926803446
2564,0.8660846261
2565,0.0907280669
2566,0.9340715981
2567,0.0091237698
2568,0.9846168100
2569,0.1776673012
2570,0.1606305299
2571,0.1467123419
2572,0.0084583938
2573,0.0084616521
2574,0.5719981691
2575,0.8691320526
2576,0.9278561161
2577,0.9445029015
2578,0.0637990098
2579,0.0459178417
2580,0.8077329025
2581,0.0313547472
2582,0.0418511298
2583,0.1299496314
2584,0.9913498955
2585,0.5546470950
2586,0.5212115885
2587,0.8632656113
2588,0.0028096200
2589,0.9171442428
2590,0.0887457573
2591,0.7661874612
2592,0.0000000000
2593,0.0788448460
2594,0.7754269070
2595,0.5083311220
2596,0.0954461589
2597,0.8618958693
2598,0.0442353584
2599,0.7975145279
2600,0.0065244040
2601,0.0027430261
2602,0.8669984629
2603,0.0085157189
2604,0.0185812874
2605,0.0006585577
2606,0.1200198345
2607,0.0242218846
2608,0.0231247930
2609,0.0000000000
2610,0.4343557793
2611,0.5162370690
2612,0.7945955624
2613,0.5642732644
2614,0.0140336486
2615,0.0939900930
2616,0.0000000000
2617,0.0065017769
2618,0.4392959144
2619,0.0086093285
2620,0.4736380508
2621,0.4851692210
2622,0.0000000000
2623,0.0841724458
2624,0.0604711817
2625,0.0012700593
2626,0.5689584256
2627,0.0087025047
2628,0.9510261064
2629,0.3650985506
2630,0.8098133491
2631,0.7803902282
2632,0.6085729701
2633,0.0248569327
2634,0.0000000000
2635,0.7472781223
2636,0.4858924262
2637,0.9193475311
2638,0.0087756715
2639,0.0192911108
2640,0.9821916618
2641,0.7751329123
2642,0.9452506747
2643,0.0059836871
2644,0.0014598763
2645,0.1529823149
2646,0.0033672603
2647,0.9154538056
2648,0.0029541267
2649,0.5322061797
2650,0.2444565293
2651,0.3142289375
2652,0.7962009721
2653,0.0425567504
2654,0.9056132809
2655,0.0000000000
2656,0.1687083429
2657,0.6019284015
2658,0.8691190910
2659,0.0166199526
2660,0.9551575048
2661,0.0134126893
2662,0.2640150310
2663,0.2750853612
2664,0.0016028441
2665,0.0008342861
2666,0.0127265545
2667,0.0000000000
2668,0.3410416133
2669,0.7483795064
2670,0.0507506682
2671,0.0030077145
2672,0.0678286523
2673,0.0677298441
2674,0.0659632104
2675,0.7449180167
2676,0.0327802776
2677,0.8379484926
2678,0.0188033359
2679,0.0816674938
2680,0.0000000000
2681,0.8887028615
2682,0.7742848234
2683,0.8564223109
2684,0.9109541707
2685,0.5828410666
2686,0.0009901625
2687,0.1900376809
2688,0.8296969627
2689,0.0037895902
2690,0.0916252764
2691,0.6759309989
2692,0.7303086784
2693,0.0075791313
2694,0.6581795572
2695,0.2907783642
2696,0.0357438217
2697,0.0820678902
2698,0.9049157482
2699,0.0249909386
2700,0.0014039148
2701,0.0281926476
2702,0.0000000000
2703,0.0637733052
2704,0.0117404862
2705,0.0038160150
2706,0.4709098489
2707,0.0661160214
2708,0.0011442749
2709,0.1238173477
2710,0.0169001224
2711,0.0087820408
2712,0.8198054245
2713,0.0034334649
2714,0.0074566477
2715,0.0022950842
2716,0.7970027821
2717,0.0000000000
2718,0.7358415853
2719,0.0412733871
2720,0.0024036385
2721,0.0000000000
2722,0.0009901625
2723,0.0036490857
2724,0.0000000000
2725,0.0098977347
2726,0.0012902549
2727,0.9008832068
2728,0.0000000000
2729,0.0313473968
2730,0.8630709500
2731,0.9387989265
2732,0.0348173754
2733,0.7564669983
2734,0.0443574205
2735,0.0727693650
2736,0.5341176166
2737,0.0062234313
2738,0.0155462571
2739,0.8154565133
2740,0.0000000000
2741,0.0056785924
2742,0.6332840752
2743,0.0059232662
2744,0.1116799767
2745,0.5216605071
2746,0.4814900190
2747,0.5390069905
2748,0.9409795403
2749,0.8415386043
2750,0.0341532963
2751,0.7724274870
2752,0.0009914033
2753,0.0000000000
2754,0.0025517075
2755,0.7683136112
2756,0.9484825890
2757,0.0000000000
2758,0.0009901625
2759,0.0084393149
2760,0.3378345686
2761,0.8730547945
2762,0.8948654150
2763,0.0019278609
2764,0.0500074681
2765,0.0406373524
2766,0.2301506336
2767,0.9008154870
2768,0.8478571219
2769,0.6688178839
2770,0.0000000000
2771,0.0190686571
2772,0.8854968353
2773,0.0007752186
2774,0.0348561211
2775,0.0044570628
2776,0.0009702094
2777,0.7857212292
2778,0.5089232109
2779,0.0000000000
2780,0.0016969090
2781,0.0227465955
2782,0.0150579882
2783,0.9625230130
2784,0.0029250298
2785,0.0563435182
2786,0.0055749259
2787,0.2714333658
2788,0.8792920770
2789,0.0379322432
2790,0.0256438489
2791,0.1689268168
2792,0.7320547990
2793,0.0000000000
2794,0.0049430941
2795,0.0226447730
2796,0.0574939549
2797,0.7727043453
2798,0.9595815194
2799,0.0033568818
2800,0.0381563282
2801,0.0291675764
2802,0.0041738408
2803,0.2181393752
2804,0.0409027659
2805,0.0185425571
2806,0.9483489144
2807,0.9804946470
2808,0.0015818353
2809,0.0188294400
2810,0.0534349700
2811,0.0000000000
2812,0.0167308708
2813,0.9851239398
2814,0.0225717555
2815,0.9113986986
2816,0.0304823844
2817,0.5882725536
2818,0.0076811622
2819,0.9704713295
2820,0.0341616055
2821,0.0000000000
2822,0.6625769436
2823,0.0000000000
2824,0.8419120692
2825,0.0077429921
2826,0.0292187782
2827,0.0224520430
2828,0.4510548262
2829,0.1179857051
2830,0.5744863393
2831,0.1350671808
2832,0.0000000000
2833,0.0000000000
2834,0.0000000000
2835,0.0080952914
2836,0.8530556074
2837,0.0181027889
2838,0.8173583106
2839,0.0862684245
2840,0.0298674377
2841,0.5830342145
2842,0.9472497683
2843,0.8556759030
2844,0.7681403976
2845,0.3142289375
2846,0.1173002337
2847,0.0324044520
2848,0.0023537739
2849,0.0000000000
2850,0.2694991272
2851,0.0370320437
2852,0.0000000000
2853,0.3426224031
2854,0.8722728737
2855,0.0578523319
2856,0.0165318760
2857,0.9851274793
2858,0.0553583294
2859,0.6619990209
2860,0.0135907519
2861,0.0476543709
2862,0.8852140457
2863,0.7293045640
2864,0.0190626778
2865,0.7735180668
2866,0.6000714091
2867,0.3410416133
2868,0.0072551112
2869,0.0000000000
2870,0.7704519583
2871,0.0656491343
2872,0.6589725875
2873,0.8938531429
2874,0.1132664301
2875,0.0345545849
2876,0.0010792700
2877,0.0154173981
2878,0.0030523192
2879,0.1940512465
2880,0.0038275613
2881,0.0157335606
2882,0.1919192718
2883,0.0115546752
2884,0.9870063489
2885,0.4108044724
2886,0.0116069704
2887,0.0123219983
2888,0.0034828567
2889,0.0187320941
2890,0.0114703037
2891,0.0000000000
2892,0.9302218528
2893,0.0021423253
2894,0.0000000000
2895,0.0026103502
2896,0.0000000000
2897,0.0000000000
2898,0.7861061613
2899,0.8483637305
2900,0.0000000000
2901,0.9503342467
2902,0.8538568369
2903,0.0175597862
2904,0.0150009021
2905,0.0029655424
2906,0.0544066712
2907,0.4960525075
2908,0.4966878413
2909,0.0109402349
2910,0.0057356422
2911,0.7097746593
2912,0.4709098489
2913,0.0152385902
2914,0.0149415858
2915,0.0000000000
2916,0.0630140289
2917,0.0259186927
2918,0.8358353526
2919,0.7930795000
2920,0.9570825991
2921,0.0803624432
2922,0.2031759968
2923,0.0014569643
2924,0.0023604749
2925,0.0092126779
2926,0.0055198462
2927,0.0098094375
2928,0.0292929478
2929,0.0060298286
2930,0.8012618321
2931,0.8255759180
2932,0.1958896597
2933,0.5848953643
2934,0.0037619843
2935,0.9057961018
2936,0.5904529533
2937,0.0023913321
2938,0.9435791328
2939,0.0011705073
2940,0.0035112991
2941,0.6966598615
2942,0.0475852205
2943,0.0163889384
2944,0.0072226384
2945,0.0000000000
2946,0.0081757773
2947,0.0157749803
2948,0.0299364842
2949,0.0129962582
2950,0.0394201107
2951,0.8063341348
2952,0.0000000000
2953,0.9046555337
2954,0.0762764476
2955,0.0000000000
2956,0.8103119291
2957,0.0589453677
2958,0.0745074842
2959,0.6315438304
2960,0.0612146903
2961,0.0050399963
2962,0.0857071906
2963,0.0339970101
2964,0.0119940349
2965,0.6121126449
2966,0.9319669844
2967,0.0387851015
2968,0.0000000000
2969,0.5118829013
2970,0.0000000000
2971,0.0068162142
2972,0.0149358006
2973,0.0081827546
2974,0.7342352227
2975,0.0250842820
2976,0.0087333822
2977,0.0018545450
2978,0.7606461235
2979,0.0059537285
2980,0.0472437639
2981,0.0246971208
2982,0.5537544516
2983,0.3838590796
2984,0.0812453074
2985,0.0033579322
2986,0.0073912038
2987,0.1810916994
2988,0.5756415561
2989,0.0040959358
2990,0.8197395504
2991,0.0270914923
2992,0.8327258081
2993,0.0119883239
2994,0.0200708983
2995,0.0030995765
2996,0.3430491368
2997,0.8315863696
2998,0.0610080029
2999,0.0000000000
3000,0.0199960565
3001,0.0032699316
3002,0.0038011919
3003,0.0069258739
3004,0.0368835612
3005,0.0111021519
3006,0.0092928507
3007,0.0050228930
3008,0.0080618913
3009,0.9053069503
3010,0.0071219632
3011,0.8516121246
3012,0.0000000000
3013,0.4783223443
3014,0.0096193887
3015,0.0058333264
3016,0.8965226375
3017,0.7574580042
3018,0.0000000000
3019,0.0000000000
3020,0.2831772233
3021,0.0000000000
3022,0.0133935107
3023,0.0037370266
3024,0.7647343730
3025,0.8594319758
3026,0.8252707182
3027,0.0000000000
3028,0.8444758931
3029,0.0933869555
3030,0.0059409501
3031,0.6433146004
3032,0.9440387941
3033,0.4343598617
3034,0.8029878685
3035,0.8850971131
3036,0.7202105816
3037,0.0298262268
3038,0.0072684647
3039,0.0110063576
3040,0.9784517857
3041,0.0876699618
3042,0.7215515353
3043,0.0019880603
3044,0.8711055532
3045,0.0170496989
3046,0.0976032208
3047,0.0047710600
3048,0.0032329049
3049,0.0162998787
3050,0.9080453059
3051,0.0245861852
3052,0.0369753803
3053,0.0265846611
3054,0.0452505403
3055,0.0167647634
3056,0.0000000000
3057,0.7958369132
3058,0.8978545246
3059,0.8968652984
3060,0.8882751585
3061,0.0224027866
3062,0.0058716454
3063,0.0048173791
3064,0.8430795832
3065,0.9474253412
3066,0.1707927322
3067,0.0107433839
3068,0.9941208393
3069,0.3410416133
3070,0.0075889699
3071,0.0103427129
3072,0.0451280176
3073,0.0098528362
3074,0.7969974723
3075,0.0289056495
3076,0.0000000000
3077,0.1361417516
3078,0.8095012125
3079,0.0226467882
3080,0.0376897433
3081,0.0178595123
3082,0.1420981218
3083,0.0098521291
3084,0.4776413541
3085,0.7497300616
3086,0.3410416133
3087,0.0282404870
3088,0.0069955448
3089,0.7941972584
3090,0.7792455518
3091,0.8908673342
3092,0.0030920678
3093,0.7434825641
3094,0.8935426138
3095,0.0459177352
3096,0.7402851822
3097,0.1463055091
3098,0.8628382862
3099,0.5841383460
3100,0.0770613233
3101,0.6862461187
3102,0.0154693575
3103,0.0329919368
3104,0.1095103933
3105,0.0067183490
3106,0.0000000000
3107,0.7305658857
3108,0.0066686601
3109,0.0063090399
3110,0.9502571298
3111,0.9062570374
3112,0.8382976406
3113,0.9317735621
3114,0.8040856268
3115,0.8621669845
3116,0.0031216126
3117,0.0803825940
3118,0.0123558739
3119,0.0057257354
3120,0.9604494670
3121,0.0599860998
3122,0.8509344532
3123,0.6010318992
3124,0.9009453643
3125,0.0034160064
3126,0.0038152473
3127,0.9077252515
3128,0.0748892569
3129,0.0071097476
3130,0.0000000000
3131,0.0106379883
3132,0.7858539347
3133,0.7306634980
3134,0.7840024527
3135,0.9583802350
3136,0.0462675295
3137,0.0023736321
3138,0.1679391225
3139,0.0240198641
3140,0.7761078023
3141,0.0756392534
3142,0.3668699109
3143,0.6213982034
3144,0.8250626858
3145,0.0099497565
3146,0.5663483689
3147,0.5487488930
3148,0.0080805063
3149,0.8094533139
3150,0.0901156850
3151,0.4223328155
3152,0.7282563022
3153,0.8513291765
3154,0.0387786656
3155,0.1240997605
3156,0.7554380046
3157,0.0008271108
3158,0.7292871966
3159,0.0211498630
3160,0.0302628087
3161,0.0085940884
3162,0.0103124165
3163,0.0031854738
3164,0.0049521596
3165,0.3445054120
3166,0.9182284373
3167,0.7803050621
3168,0.0026877169
3169,0.0197912023
3170,0.0000000000
3171,0.2707486647
3172,0.5022606409
3173,0.7502405655
3174,0.0031979626
3175,0.0000000000
3176,0.0000000000
3177,0.0370282051
3178,0.0076474153
3179,0.0011213125
3180,0.4721239892
3181,0.8721711548
3182,0.8639122568
3183,0.0390806633
3184,0.0126157420
3185,0.0175433767
3186,0.7046435806
3187,0.6595786463
3188,0.2117264880
3189,0.0029927648
3190,0.0000000000
3191,0.9486894113
3192,0.0278504033
3193,0.1057061156
3194,0.1532538628
3195,0.4385405326
3196,0.7504393562
3197,0.9321853037
3198,0.0000000000
3199,0.7927143083
3200,0.9043317751
3201,0.1175074343
3202,0.9425622957
3203,0.0096012471
3204,0.7934009520
3205,0.0157334922
3206,0.0000000000
3207,0.0000000000
3208,0.0065731886
3209,0.1058837356
3210,0.9202813420
3211,0.0242541728
3212,0.0740390157
3213,0.6325301730
3214,0.9313304073
3215,0.1718157861
3216,0.5719082599
3217,0.6780530637
3218,0.7968660242
3219,0.0076159552
3220,0.9941208393
3221,0.7532992909
3222,0.0009447643
3223,0.0060981909
3224,0.0000000000
3225,0.9113095880
3226,0.0089795142
3227,0.9485516500
3228,0.0849356586
3229,0.0039365546
3230,0.0780515803
3231,0.0073068540
3232,0.0249157710
3233,0.0043094798
3234,0.6071124745
3235,0.5031363646
3236,0.1438802479
3237,0.9514071508
3238,0.3410416133
3239,0.0048165670
3240,0.0221026088
3241,0.4658361468
3242,0.0028279242
3243,0.0000000000
3244,0.0029250298
3245,0.0000000000
3246,0.4283686077
3247,0.8460207512
3248,0.7927918260
3249,0.3008507363
3250,0.0088367695
3251,0.2291393083
3252,0.0168714465
3253,0.1654248722
3254,0.8303231270
3255,0.0103777649
3256,0.0578263334
3257,0.3298771489
3258,0.6847508474
3259,0.0047689045
3260,0.8558660133
3261,0.0021440287
3262,0.0105525107
3263,0.0136620143
3264,0.0158069980
3265,0.0341776439
3266,0.8670456916
3267,0.0066659332
3268,0.0081716755
3269,0.6610855469
3270,0.5477251801
3271,0.0958005934
3272,0.0385308580
3273,0.0367057886
3274,0.3565777467
3275,0.9846168100
3276,0.0130781236
3277,0.0065768036
3278,0.3492465241
3279,0.2762510777
3280,0.0000000000
3281,0.3410416133
3282,0.6638168105
3283,0.0236875549
3284,0.6643718672
3285,0.8625893906
3286,0.8569210388
3287,0.9336084341
3288,0.9371357210
3289,0.0030523192
3290,0.2082930119
3291,0.0043904860
3292,0.8623184428
3293,0.0000000000
3294,0.8025109567
3295,0.0049646389
3296,0.4756509944
3297,0.8941334002
3298,0.8049953205
3299,0.0096560006
3300,0.0012919573
3301,0.0657725638
3302,0.1044443770
3303,0.0066412765
3304,0.0180888391
3305,0.2481213030
3306,0.2204949401
3307,0.0000000000
3308,0.0012712809
3309,0.0335749725
3310,0.8412137590
3311,0.0146293521
3312,0.9094552873
3313,0.8184107580
3314,0.3207774974
3315,0.0165832424
3316,0.0000000000
3317,0.0035127310
3318,0.0000000000
3319,0.0071545285
3320,0.0000000000
3321,0.0000000000
3322,0.0092356334
3323,0.0000000000
3324,0.3489195662
3325,0.0225257935
3326,0.0072533961
3327,0.0000000000
3328,0.6917473334
3329,0.0000000000
3330,0.7885288662
3331,0.4225551809
3332,0.0000000000
3333,0.0296778544
3334,0.0029145294
3335,0.8210630344
3336,0.8501090499
3337,0.0023345050
3338,0.0021138969
3339,0.1248404893
3340,0.0043775423
3341,0.0153071524
3342,0.8218544773
3343,0.3600862555
3344,0.4374373766
3345,0.3822049360
3346,0.0029927648
3347,0.6213982034
3348,0.0119532022
3349,0.0000000000
3350,0.4206544563
3351,0.8933700287
3352,0.0102945594
3353,0.3410416133
3354,0.8937003595
3355,0.5011949565
3356,0.0015780627
3357,0.0022523874
3358,0.0101142010
3359,0.0054113005
3360,0.0020248959
3361,0.1015999707
3362,0.0196932711
3363,0.0015772599
3364,0.1271411091
3365,0.5162370690
3366,0.9591361118
3367,0.7845497256
3368,0.0000000000
3369,0.3531970596
3370,0.0124729640
3371,0.8836021605
3372,0.0799638002
3373,0.0027862532
3374,0.6249860524
3375,0.6155736805
3376,0.0427321564
3377,0.6805253401
3378,0.6196302530
3379,0.8125121409
3380,0.7631344673
3381,0.0243685716
3382,0.0000000000
3383,0.1816602409
3384,0.0199266743
3385,0.9392275153
3386,0.0244478255
3387,0.9058894394
3388,0.0086986984
3389,0.0196205230
3390,0.6469217763
3391,0.0009570655
3392,0.0103206460
3393,0.7656743948
3394,0.0066273726
3395,0.0180257617
3396,0.0105268149
3397,0.0000000000
3398,0.0164997974
3399,0.8516977535
3400,0.0195876871
3401,0.0000000000
3402,0.0314511349
3403,0.0156764445
3404,0.2168233701
3405,0.0522388248
3406,0.0029120870
3407,0.5309209927
3408,0.0029027847
3409,0.8526854504
3410,0.9096562727
3411,0.1628120315
3412,0.3786709635
3413,0.0828020800
3414,0.9397155332
3415,0.0000000000
3416,0.0000000000
3417,0.0000000000
3418,0.0013211538
3419,0.7873783835
3420,0.0080591648
3421,0.0024414673
3422,0.0027859724
3423,0.9495701081
3424,0.8251383203
3425,0.0023297528
3426,0.0131219509
3427,0.7864190191
3428,0.0077977040
3429,0.0022174334
3430,0.0030027821
3431,0.9285547103
3432,0.9926803446
3433,0.0052801019
3434,0.0046757112
3435,0.1098303724
3436,0.9081225944
3437,0.0000000000
3438,0.8804081948
3439,0.2763132508
3440,0.0123493293
3441,0.0073870596
3442,0.9012584021
3443,0.0123828434
3444,0.0546061771
3445,0.1099509250
3446,0.6347853437
3447,0.8732287326
3448,0.9445605479
3449,0.0079444517
3450,0.0189659444
3451,0.6693740251
3452,0.0110256455
3453,0.7968091002
3454,0.0000000000
3455,0.1907465426
3456,0.0447537682
3457,0.6601576043
3458,0.0104635123
3459,0.5802074763
3460,0.9455618411
3461,0.6377868353
3462,0.0000000000
3463,0.7672176922
3464,0.9330583258
3465,0.0848746272
3466,0.0025352449
3467,0.1006890805
3468,0.0233617854
3469,0.0253311950
3470,0.0012907456
3471,0.3779452417
3472,0.0341620314
3473,0.8107344812
3474,0.0014093704
3475,0.0000000000
3476,0.6859643648
3477,0.0000000000
3478,0.9377630183
3479,0.0079940306
3480,0.1660138411
3481,0.8295393688
3482,0.0000000000
3483,0.0064995994
3484,0.2751418945
3485,0.0017557768
3486,0.0091542967
3487,0.0195728626
3488,0.0396457139
3489,0.0023463711
3490,0.0000000000
3491,0.0089057423
3492,0.3708246761
3493,0.8512946941
3494,0.8086504340
3495,0.8888279369
3496,0.9846168100
3497,0.0916139932
3498,0.3325609246
3499,0.0048483589
3500,0.5318598893
3501,0.0169641985
3502,0.0000000000
3503,0.0125436382
3504,0.0629201602
3505,0.0043716364
3506,0.7367974362
3507,0.0088015317
3508,0.6247038855
3509,0.0114547038
3510,0.9243838552
3511,0.0082502735
3512,0.9055258719
3513,0.0000000000
3514,0.5228279607
3515,0.0000000000
3516,0.0603867903
3517,0.0075343690
3518,0.0036859575
3519,0.5398627713
3520,0.0221638573
3521,0.0703308591
3522,0.0000000000
3523,0.9401253815
3524,0.3410416133
3525,0.9926803446
3526,0.0068010805
3527,0.8276973556
3528,0.0012353250
3529,0.9199466580
3530,0.8764998320
3531,0.8063548323
3532,0.5247576279
3533,0.7080111379
3534,0.9569899881
3535,0.0139208976
3536,0.7197263555
3537,0.1546494885
3538,0.0033819536
3539,0.7040159726
3540,0.8954339949
3541,0.4395746699
3542,0.0000000000
3543,0.9577907740
3544,0.0057776795
3545,0.0139369608
3546,0.8225571575
3547,0.9137674165
3548,0.0022366699
3549,0.1034063626
3550,0.8642988809
3551,0.6352614594
3552,0.0645298501
3553,0.7221282267
3554,0.1947735216
3555,0.7689579411
3556,0.0241154179
3557,0.6996617326
3558,0.0035896560
3559,0.9017777422
3560,0.0000000000
3561,0.0249435211
3562,0.5875400753
3563,0.7826041121
3564,0.0100787879
3565,0.9302799677
3566,0.3410416133
3567,0.0348804103
3568,0.7498035968
3569,0.0000000000
3570,0.0399578000
3571,0.7561039098
3572,0.0000000000
3573,0.0012054095
3574,0.9215589402
3575,0.0000000000
3576,0.0096213634
3577,0.8072558775
3578,0.0545602450
3579,0.3667428185
3580,0.0092080992
3581,0.7136116458
3582,0.1800765925
3583,0.1316120507
3584,0.6311387191
3585,0.0000000000
3586,0.0197183403
3587,0.0137163232
3588,0.0064575715
3589,0.5442562892
3590,0.9344105679
3591,0.0137297356
3592,0.0247769917
3593,0.0000000000
3594,0.0150095870
3595,0.0000000000
3596,0.0512312815
3597,0.0012043583
3598,0.0023913321
3599,0.9455860782
3600,0.7977492081
3601,0.0057314319
3602,0.1488609360
3603,0.0005778711
3604,0.0910502210
3605,0.0000000000
3606,0.0110883932
3607,0.0000000000
3608,0.0107603096
3609,0.1133852062
3610,0.6335463331
3611,0.0000000000
3612,0.0022758831
3613,0.8924493676
3614,0.9054381253
3615,0.0020649358
3616,0.0008064035
3617,0.9804946470
3618,0.6138088605
3619,0.0781481619
3620,0.8804700376
3621,0.0115582123
3622,0.0033765628
3623,0.8785387076
3624,0.9566206382
3625,0.0000000000
3626,0.0507489432
3627,0.0524431838
3628,0.0156627605
3629,0.9677524969
3630,0.0542674044
3631,0.0082030033
3632,0.7595812812
3633,0.0004724216
3634,0.0088198441
3635,0.0102326963
3636,0.0462032328
3637,0.9713905709
3638,0.0000000000
3639,0.9165321634
3640,0.0028089967
3641,0.9948758927
3642,0.7283951401
3643,0.9478387731
3644,0.0013940622
3645,0.9491538194
3646,0.0024956737
3647,0.0213029589
3648,0.6336136209
3649,0.0534778871
3650,0.8142191233
3651,0.5133371169
3652,0.7820710255
3653,0.1539148115
3654,0.0561912112
3655,0.6809044828
3656,0.0011141215
3657,0.0398095987
3658,0.0267979276
3659,0.7632203389
3660,0.0233837047
3661,0.7549108424
3662,0.9526465419
3663,0.1334824564
3664,0.0031656953
3665,0.6557081801
3666,0.4252522183
3667,0.0309020703
3668,0.0292873914
3669,0.0144124286
3670,0.0000000000
3671,0.8163951891
3672,0.0014549941
3673,0.6394735316
3674,0.0000000000
3675,0.3835893067
3676,0.8482116075
3677,0.0000000000
3678,0.0017803862
3679,0.0205620456
3680,0.0071754866
3681,0.0168237266
3682,0.0026718762
3683,0.0112605082
3684,0.0160253176
3685,0.9752687047
3686,0.6678710108
3687,0.0101388819
3688,0.3410416133
3689,0.0496332805
3690,0.0561988617
3691,0.0294199504
3692,0.0005721049
3693,0.0280269907
3694,0.9063523662
3695,0.0100697354
3696,0.0038716308
3697,0.0000000000
3698,0.0136157191
3699,0.5727855417
3700,0.1823437219
3701,0.0480228274
3702,0.3886847374
3703,0.0039453457
3704,0.0033291866
3705,0.0026339481
3706,0.0175135805
3707,0.0000000000
3708,0.6392125399
3709,0.0012191152
3710,0.1003717763
3711,0.0231434348
3712,0.0572788846
3713,0.6097706220
3714,0.5914280564
3715,0.0000000000
3716,0.0017065412
3717,0.0725057999
3718,0.3966120059
3719,0.4611800574
3720,0.0671215694
3721,0.0435785619
3722,0.5770383107
3723,0.0643005625
3724,0.0774671274
3725,0.0000000000
3726,0.0035706244
3727,0.0172866735
3728,0.8202351125
3729,0.8278154478
3730,0.0122455567
3731,0.0253888391
3732,0.8753075059
3733,0.0171341849
3734,0.0017661005
3735,0.0112118774
3736,0.0023923757
3737,0.3959848047
3738,0.6881748702
3739,0.0208998675
3740,0.1825793324
3741,0.0000000000
3742,0.6665998117
3743,0.0436587261
3744,0.0000000000
3745,0.8057445509
3746,0.0506472102
3747,0.0190282132
3748,0.9234904666
3749,0.9054945395
3750,0.0133283961
3751,0.0060875033
3752,0.0000000000
3753,0.0313572607
3754,0.6256864831
3755,0.0000000000
3756,0.0000000000
3757,0.0029613562
3758,0.0661005670
3759,0.7745912212
3760,0.9449886997
3761,0.9201944518
3762,0.0267637148
3763,0.0000000000
3764,0.0302017029
3765,0.0115250603
3766,0.0000000000
3767,0.2364902649
3768,0.9153358849
3769,0.8478512869
3770,0.9493270938
3771,0.7106850564
3772,0.0000000000
3773,0.0543332826
3774,0.3410416133
3775,0.8436379888
3776,0.0039454024
3777,0.0041435636
3778,0.0000000000
3779,0.0149726119
3780,0.0141595951
3781,0.0057376747
3782,0.0028627376
3783,0.0259987904
3784,0.0641936948
3785,0.0022346537
3786,0.8680391683
3787,0.8192958890
3788,0.8998966476
3789,0.3725676329
3790,0.0103608119
3791,0.0055618937
3792,0.0217048947
3793,0.5168971927
3794,0.4277569316
3795,0.0349826783
3796,0.9589694269
3797,0.1102978187
3798,0.9887857469
3799,0.3813142652
3800,0.0051957232
3801,0.7682233045
3802,0.0164876123
3803,0.9273508665
3804,0.0000000000
3805,0.0527750803
3806,0.1437491961
3807,0.8676000421
3808,0.8867827069
3809,0.0037033806
3810,0.0069643761
3811,0.7328222376
3812,0.9624550474
3813,0.2134762330
3814,0.2586936775
3815,0.8766273964
3816,0.0168645734
3817,0.0000000000
3818,0.0064844619
3819,0.3410416133
3820,0.8776012651
3821,0.8037953292
3822,0.5340469726
3823,0.7200633779
3824,0.7917276075
3825,0.0141198210
3826,0.0235444252
3827,0.9153627782
3828,0.5967874882
3829,0.0014038086
3830,0.0299723762
3831,0.0000000000
3832,0.0315609748
3833,0.0000000000
3834,0.7870247845
3835,0.0021525257
3836,0.1220861310
3837,0.0108421528
3838,0.0036580381
3839,0.7679033052
3840,0.0119986298
3841,0.9094763578
3842,0.0000000000
3843,0.0136378271
3844,0.0000000000
3845,0.9122544690
3846,0.9025899378
3847,0.0017038322
3848,0.9197601695
3849,0.8698763016
3850,0.5857549510
3851,0.0000000000
3852,0.7908513782
3853,0.7390159302
3854,0.7955054313
3855,0.9004116428
3856,0.3410416133
3857,0.0391515284
3858,0.0000000000
3859,0.0207516369
3860,0.0117362842
3861,0.9399168967
3862,0.0183067747
3863,0.7602751134
3864,0.0057684003
3865,0.9185743242
3866,0.0071938159
3867,0.3994148087
3868,0.1949707666
3869,0.0793220485
3870,0.0085703879
3871,0.6705553269
3872,0.0239954901
3873,0.0707388870
3874,0.3995713761
3875,0.0125652341
3876,0.8347633530
3877,0.0009447643
3878,0.0034629048
3879,0.0000000000
3880,0.6715354061
3881,0.8804172667
3882,0.0000000000
3883,0.6871029184
3884,0.9019386736
3885,0.0185746036
3886,0.9472979353
3887,0.7344290531
3888,0.9324471364
3889,0.9887857469
3890,0.6407608260
3891,0.0063007737
3892,0.0188494471
3893,0.0000000000
3894,0.0068698912
3895,0.9389646851
3896,0.0000000000
3897,0.8058599800
3898,0.7489931580
3899,0.0005485020
3900,0.1654625487
3901,0.2592471549
3902,0.0019421268
3903,0.0270715979
3904,0.0000000000
3905,0.0074723834
3906,0.9340283647
3907,0.0000000000
3908,0.0355112002
3909,0.0120070782
3910,0.0093041725
3911,0.5081159125
3912,0.0015973962
3913,0.4770523274
3914,0.0000000000
3915,0.8976926287
3916,0.8840292251
3917,0.4689508802
3918,0.0052232973
3919,0.0000000000
3920,0.0000000000
3921,0.0495830353
3922,0.1625852551
3923,0.1566835647
3924,0.8223338337
3925,0.0408926722
3926,0.0064591924
3927,0.6078097709
3928,0.0061838764
3929,0.8944558524
3930,0.6469937764
3931,0.0016603358
3932,0.7283037711
3933,0.6132413523
3934,0.2413887110
3935,0.9008492318
3936,0.9172897100
3937,0.0170655717
3938,0.5574504917
3939,0.0444452957
3940,0.0000000000
3941,0.0107557211
3942,0.0006354109
3943,0.4874664833
3944,0.0086403794
3945,0.0064484098
3946,0.0177461226
3947,0.7821029966
3948,0.0609435443
3949,0.0062128631
3950,0.0091385347
3951,0.9046451236
3952,0.7080361828
3953,0.8715709867
3954,0.0017907344
3955,0.0194246587
3956,0.0047001430
3957,0.2435489427
3958,0.0156292500
3959,0.8307107108
3960,0.0055828319
3961,0.3033127950
3962,0.0325730171
3963,0.0000000000
3964,0.0522227636
3965,0.0064016775
3966,0.7526843194
3967,0.0054549179
3968,0.0560879421
3969,0.0013272585
3970,0.0488277578
3971,0.2902680338
3972,0.8912520627
3973,0.0286317119
3974,0.0011853084
3975,0.0057564922
3976,0.0054517207
3977,0.6957796435
3978,0.0000000000
3979,0.0000000000
3980,0.0068479487
3981,0.0216448794
3982,0.0059991691
3983,0.0083114555
3984,0.0112622811
3985,0.6185833080
3986,0.0000000000
3987,0.4529823046
3988,0.0000000000
3989,0.0408268755
3990,0.8451897030
3991,0.0034333021
3992,0.4657938248
3993,0.6269576646
3994,0.1386373504
3995,0.8498389975
3996,0.0035723246
3997,0.0035203160
3998,0.0937006145
3999,0.9699766023
4000,0.0530801668
4001,0.9076588630
4002,0.0084893296
4003,0.3712665156
4004,0.9213700609
4005,0.0424659529
4006,0.5425578971
4007,0.0463634232
4008,0.8489587858
4009,0.0054067642
4010,0.7098852482
4011,0.8562687308
4012,0.5240206246
4013,0.8197788501
4014,0.0069760809
4015,0.0408906195
4016,0.0027437866
4017,0.6218220501
4018,0.0071469328
4019,0.0517527807
4020,0.0517527807
4021,0.0000000000
4022,0.0018181306
4023,0.4368301611
4024,0.0054035109
4025,0.0585606104
4026,0.9409007381
4027,0.9032795005
4028,0.8012256041
4029,0.8908864357
4030,0.0115014008
4031,0.0607475160
4032,0.0061394693
4033,0.0470529769
4034,0.9273128475
4035,0.0179242952
4036,0.0192999073
4037,0.8128726911
4038,0.0193846325
4039,0.1287132031
4040,0.2445340534
4041,0.1326220563
4042,0.0000000000
4043,0.0054080317
4044,0.7582602997
4045,0.9332454782
4046,0.6238930914
4047,0.7452586828
4048,0.7222749684
4049,0.3088610011
4050,0.8383674599
4051,0.9104546316
4052,0.0026310471
4053,0.0069211285
4054,0.7341621577
4055,0.0167634856
4056,0.8154144834
4057,0.0000000000
4058,0.8884585282
4059,0.8895661602
4060,0.0022397824
4061,0.8373265001
4062,0.6702032583
4063,0.9579867828
4064,0.5469525418
4065,0.3850998951
4066,0.8837377038
4067,0.0053717040
4068,0.0795188892
4069,0.9615020334
4070,0.0096298468
4071,0.1562384601
4072,0.0049059358
4073,0.8720783092
4074,0.0993463934
4075,0.1543749057
4076,0.0023097997
4077,0.3377164270
4078,0.0010345054
4079,0.0000000000
4080,0.8833805046
4081,0.6031023604
4082,0.0024672702
4083,0.2824334703
4084,0.8872037729
4085,0.0043945312
4086,0.0000000000
4087,0.3078874884
4088,0.0056576529
4089,0.0008191909
4090,0.3480570551
4091,0.0029858358
4092,0.0097819914
4093,0.7179156312
4094,0.0000000000
4095,0.8533296710
4096,0.8713941185
4097,0.0185460805
4098,0.9155868796
4099,0.6861301343
4100,0.3899556529
4101,0.9567376757
4102,0.0020956490
4103,0.0820793255
4104,0.0724847025
4105,0.7917131151
4106,0.2565941924
4107,0.7377541896
4108,0.7487332455
4109,0.0055767612
4110,0.3410416133
4111,0.0142269844
4112,0.2426489925
4113,0.8071108134
4114,0.0000000000
4115,0.8396348205
4116,0.6461910032
4117,0.0000000000
4118,0.0428521650
4119,0.0000000000
4120,0.0460979432
4121,0.0296687623
4122,0.5997617447
4123,0.7191951451
4124,0.0033256713
4125,0.0026643786
4126,0.7475045731
4127,0.0000000000
4128,0.0124280677
4129,0.0524241497
4130,0.0251395751
4131,0.3436823800
4132,0.0019528961
4133,0.4772219551
4134,0.1360199303
4135,0.0147454294
4136,0.9497396351
4137,0.0500370872
4138,0.7188143909
4139,0.9618517551
4140,0.5350018856
4141,0.0023314151
4142,0.8700747153
4143,0.0045121373
4144,0.0786692823
4145,0.0735487878
4146,0.0000000000
4147,0.0293956918
4148,0.0052345111
4149,0.8058724798
4150,0.0145055798
4151,0.0120730281
4152,0.6032389034
4153,0.2342220284
4154,0.8984375995
4155,0.8141942699
4156,0.0377712731
4157,0.1243629052
4158,0.0225001827
4159,0.0022545035
4160,0.0023280252
4161,0.2339735965
4162,0.0938298610
4163,0.0345530452
4164,0.0261320295
4165,0.8260680149
4166,0.0073889079
4167,0.3889630631
4168,0.0070527596
4169,0.0082538669
4170,0.0000000000
4171,0.3948027177
4172,0.0009469698
4173,0.0032864583
4174,0.7529704557
4175,0.9537862766
4176,0.6760421867
4177,0.0000000000
4178,0.0614582560
4179,0.7718929706
4180,0.8421526730
4181,0.8139695669
4182,0.7626918348
4183,0.9128433966
4184,0.0000000000
4185,0.9019571112
4186,0.0061763380
4187,0.0000000000
4188,0.9145674981
